ProgramID,Name,StartDate,EndDate,TrainerID
1,Training Program 1,2022-09-04,2022-11-12,39
2,Training Program 2,2020-05-23,2023-06-10,19
3,Training Program 3,2024-08-06,2020-10-07,11
4,Training Program 4,2021-01-26,2022-08-12,2
5,Training Program 5,2024-01-15,2020-11-23,49
6,Training Program 6,2023-07-05,2024-01-02,1
7,Training Program 7,2022-11-08,2020-05-06,26
8,Training Program 8,2021-02-11,2022-12-06,16
9,Training Program 9,2021-11-07,2020-12-04,39
10,Training Program 10,2024-02-11,2024-09-12,29
11,Training Program 11,2021-01-16,2021-01-22,48
12,Training Program 12,2022-06-28,2020-03-09,23
13,Training Program 13,2020-05-08,2022-01-11,34
14,Training Program 14,2021-07-16,2022-01-31,22
15,Training Program 15,2023-04-10,2024-04-15,42
16,Training Program 16,2021-02-03,2021-02-15,49
17,Training Program 17,2022-11-11,2023-04-08,34
18,Training Program 18,2022-03-10,2020-06-08,8
19,Training Program 19,2023-10-21,2020-12-04,44
20,Training Program 20,2020-07-10,2020-01-31,1
21,Training Program 21,2022-06-10,2021-05-08,47
22,Training Program 22,2023-12-08,2022-09-17,23
23,Training Program 23,2022-11-20,2020-05-20,1
24,Training Program 24,2020-01-01,2024-03-21,50
25,Training Program 25,2024-12-28,2021-03-26,6
26,Training Program 26,2024-10-08,2020-10-16,25
27,Training Program 27,2023-12-31,2024-06-30,29
28,Training Program 28,2023-10-06,2021-08-05,23
29,Training Program 29,2020-08-20,2024-01-27,36
30,Training Program 30,2025-03-07,2025-03-24,37
31,Training Program 31,2020-01-10,2024-12-31,45
32,Training Program 32,2023-09-29,2021-12-10,32
33,Training Program 33,2023-05-08,2025-03-17,42
34,Training Program 34,2020-07-13,2020-11-02,19
35,Training Program 35,2022-12-16,2021-08-26,22
36,Training Program 36,2021-10-15,2024-10-14,14
37,Training Program 37,2024-09-08,2020-08-15,21
38,Training Program 38,2021-10-09,2023-06-10,5
39,Training Program 39,2021-12-31,2022-11-06,22
40,Training Program 40,2020-07-07,2021-08-19,49
41,Training Program 41,2025-02-23,2025-02-08,18
42,Training Program 42,2020-10-26,2022-04-02,40
43,Training Program 43,2024-03-23,2022-06-23,40
44,Training Program 44,2021-03-28,2025-02-22,11
45,Training Program 45,2021-10-12,2021-04-02,32
46,Training Program 46,2023-01-24,2022-05-05,22
47,Training Program 47,2023-06-23,2021-04-12,48
48,Training Program 48,2025-02-14,2022-09-16,46
49,Training Program 49,2021-10-22,2022-05-24,21
50,Training Program 50,2022-06-12,2021-02-17,15
51,Training Program 51,2020-09-03,2021-02-27,3
52,Training Program 52,2024-03-16,2021-04-23,6
53,Training Program 53,2021-07-22,2024-12-30,4
54,Training Program 54,2021-06-09,2022-12-07,21
55,Training Program 55,2023-11-09,2020-07-05,8
56,Training Program 56,2023-03-05,2022-10-20,10
57,Training Program 57,2021-06-12,2024-08-26,41
58,Training Program 58,2022-01-24,2024-03-08,44
59,Training Program 59,2021-10-19,2022-10-30,15
60,Training Program 60,2020-06-17,2020-09-07,27
61,Training Program 61,2022-12-15,2020-03-18,50
62,Training Program 62,2021-01-24,2022-12-27,32
63,Training Program 63,2024-02-12,2022-08-23,23
64,Training Program 64,2020-12-30,2021-06-18,18
65,Training Program 65,2022-10-11,2021-09-26,37
66,Training Program 66,2021-07-26,2020-07-25,29
67,Training Program 67,2022-05-28,2023-12-20,6
68,Training Program 68,2021-11-11,2022-03-21,1
69,Training Program 69,2022-10-07,2023-07-29,24
70,Training Program 70,2020-07-10,2021-01-18,25
71,Training Program 71,2023-09-04,2023-06-17,37
72,Training Program 72,2025-02-28,2023-01-07,10
73,Training Program 73,2023-11-04,2024-03-29,31
74,Training Program 74,2021-05-12,2024-06-11,39
75,Training Program 75,2025-02-11,2021-08-28,29
76,Training Program 76,2024-12-19,2021-01-16,3
77,Training Program 77,2024-10-01,2025-02-15,30
78,Training Program 78,2022-01-28,2020-11-25,35
79,Training Program 79,2020-10-30,2022-01-24,47
80,Training Program 80,2021-06-15,2022-11-28,42
81,Training Program 81,2021-03-17,2023-07-21,42
82,Training Program 82,2025-02-26,2023-11-15,17
83,Training Program 83,2022-03-06,2022-06-19,17
84,Training Program 84,2023-10-16,2020-01-15,43
85,Training Program 85,2024-05-20,2021-11-15,12
86,Training Program 86,2021-06-05,2022-10-11,23
87,Training Program 87,2023-04-10,2022-04-02,48
88,Training Program 88,2020-07-26,2023-07-14,24
89,Training Program 89,2023-02-04,2023-02-19,17
90,Training Program 90,2025-01-02,2023-04-07,31
91,Training Program 91,2021-06-08,2020-10-21,20
92,Training Program 92,2022-12-18,2022-10-13,23
93,Training Program 93,2021-12-11,2021-09-21,26
94,Training Program 94,2020-07-16,2021-08-14,41
95,Training Program 95,2021-12-05,2023-01-12,14
96,Training Program 96,2022-02-19,2020-12-31,26
97,Training Program 97,2024-02-17,2022-12-25,4
98,Training Program 98,2021-06-24,2020-01-26,46
99,Training Program 99,2021-01-08,2024-03-23,40
100,Training Program 100,2024-11-02,2020-04-30,13
101,Training Program 101,2022-05-20,2022-04-15,50
102,Training Program 102,2021-01-17,2024-07-18,42
103,Training Program 103,2023-01-30,2023-02-24,18
104,Training Program 104,2020-04-04,2024-04-24,50
105,Training Program 105,2022-07-17,2021-12-08,36
106,Training Program 106,2020-10-07,2024-05-31,26
107,Training Program 107,2023-11-16,2023-12-23,45
108,Training Program 108,2021-01-19,2022-11-27,20
109,Training Program 109,2021-05-13,2021-10-16,49
110,Training Program 110,2024-06-13,2024-12-27,4
111,Training Program 111,2023-10-06,2023-09-23,23
112,Training Program 112,2023-09-15,2022-11-18,37
113,Training Program 113,2022-06-20,2024-05-26,21
114,Training Program 114,2021-09-13,2024-10-18,49
115,Training Program 115,2021-06-08,2022-05-29,21
116,Training Program 116,2021-02-01,2020-08-04,37
117,Training Program 117,2022-01-23,2021-04-02,43
118,Training Program 118,2023-06-14,2023-10-27,30
119,Training Program 119,2025-01-01,2024-07-11,41
120,Training Program 120,2024-10-22,2024-09-22,21
121,Training Program 121,2024-01-28,2021-10-13,26
122,Training Program 122,2021-04-23,2020-03-21,40
123,Training Program 123,2020-06-08,2022-03-07,3
124,Training Program 124,2023-04-17,2023-03-01,12
125,Training Program 125,2024-10-19,2023-04-11,2
126,Training Program 126,2020-02-24,2022-09-02,25
127,Training Program 127,2023-03-29,2022-02-18,20
128,Training Program 128,2024-07-27,2024-09-06,22
129,Training Program 129,2021-03-24,2024-12-27,19
130,Training Program 130,2021-11-24,2022-09-21,47
131,Training Program 131,2024-03-08,2024-04-18,44
132,Training Program 132,2020-12-19,2023-04-28,26
133,Training Program 133,2022-09-30,2024-09-18,35
134,Training Program 134,2021-02-26,2021-09-27,30
135,Training Program 135,2021-12-13,2024-06-29,16
136,Training Program 136,2022-08-10,2020-08-18,39
137,Training Program 137,2020-05-27,2020-11-03,20
138,Training Program 138,2024-04-26,2022-04-27,47
139,Training Program 139,2020-12-13,2024-12-06,48
140,Training Program 140,2023-06-29,2021-06-26,4
141,Training Program 141,2020-04-03,2023-11-26,22
142,Training Program 142,2021-06-30,2022-03-11,36
143,Training Program 143,2022-04-19,2024-02-27,18
144,Training Program 144,2024-09-01,2024-01-29,24
145,Training Program 145,2020-03-25,2022-08-31,21
146,Training Program 146,2020-07-02,2023-06-02,28
147,Training Program 147,2024-08-04,2023-01-05,16
148,Training Program 148,2021-10-15,2021-11-14,42
149,Training Program 149,2023-07-22,2020-06-19,21
150,Training Program 150,2022-11-09,2024-12-25,36
151,Training Program 151,2023-12-26,2020-02-05,10
152,Training Program 152,2022-12-31,2020-09-20,24
153,Training Program 153,2025-02-15,2021-08-31,28
154,Training Program 154,2024-08-05,2023-08-12,4
155,Training Program 155,2024-07-02,2024-03-29,45
156,Training Program 156,2022-08-12,2024-01-25,26
157,Training Program 157,2023-05-05,2024-01-20,27
158,Training Program 158,2020-05-06,2024-12-23,16
159,Training Program 159,2024-05-03,2020-08-09,50
160,Training Program 160,2025-03-16,2021-02-04,16
161,Training Program 161,2024-09-12,2024-01-16,40
162,Training Program 162,2020-06-12,2024-04-28,22
163,Training Program 163,2024-10-07,2020-12-16,12
164,Training Program 164,2021-05-27,2020-12-27,13
165,Training Program 165,2024-11-23,2020-02-03,7
166,Training Program 166,2024-03-12,2024-07-20,23
167,Training Program 167,2020-07-26,2022-09-21,37
168,Training Program 168,2022-04-08,2020-08-18,8
169,Training Program 169,2024-08-05,2022-11-23,3
170,Training Program 170,2020-01-09,2023-08-07,48
171,Training Program 171,2021-11-30,2021-07-16,20
172,Training Program 172,2023-07-30,2021-11-04,33
173,Training Program 173,2021-08-04,2020-03-11,6
174,Training Program 174,2023-02-08,2021-07-18,11
175,Training Program 175,2021-08-01,2023-05-15,3
176,Training Program 176,2022-08-16,2024-01-30,28
177,Training Program 177,2020-07-19,2023-12-15,43
178,Training Program 178,2025-02-04,2020-08-12,45
179,Training Program 179,2022-12-10,2023-10-12,39
180,Training Program 180,2020-07-02,2021-01-26,2
181,Training Program 181,2020-01-28,2025-03-24,27
182,Training Program 182,2024-02-26,2024-10-03,24
183,Training Program 183,2022-07-23,2023-01-06,27
184,Training Program 184,2024-05-10,2022-11-16,39
185,Training Program 185,2021-10-29,2023-07-08,10
186,Training Program 186,2025-01-23,2020-07-19,41
187,Training Program 187,2024-05-15,2020-01-17,21
188,Training Program 188,2021-11-20,2022-06-17,16
189,Training Program 189,2021-08-19,2021-09-03,49
190,Training Program 190,2024-11-26,2022-06-14,45
191,Training Program 191,2023-09-11,2020-03-09,2
192,Training Program 192,2025-01-24,2024-10-02,39
193,Training Program 193,2022-01-02,2024-04-01,34
194,Training Program 194,2024-01-09,2023-12-15,9
195,Training Program 195,2022-06-22,2023-05-24,4
196,Training Program 196,2021-08-14,2022-06-09,1
197,Training Program 197,2022-09-12,2023-06-17,34
198,Training Program 198,2021-05-18,2021-05-07,26
199,Training Program 199,2024-06-04,2025-01-14,46
200,Training Program 200,2024-06-12,2023-01-08,30
201,Training Program 201,2023-03-16,2022-01-23,14
202,Training Program 202,2021-11-25,2022-04-02,43
203,Training Program 203,2023-04-14,2023-05-25,30
204,Training Program 204,2024-11-09,2020-11-02,36
205,Training Program 205,2024-04-06,2020-11-30,45
206,Training Program 206,2022-02-11,2020-02-29,47
207,Training Program 207,2020-08-18,2021-09-05,11
208,Training Program 208,2023-03-21,2024-05-19,45
209,Training Program 209,2022-12-21,2020-06-17,50
210,Training Program 210,2023-11-09,2025-01-04,2
211,Training Program 211,2022-09-21,2023-12-02,48
212,Training Program 212,2025-03-13,2020-02-12,13
213,Training Program 213,2023-06-03,2023-05-24,35
214,Training Program 214,2022-10-30,2023-06-10,19
215,Training Program 215,2022-04-30,2021-10-17,19
216,Training Program 216,2021-04-05,2025-01-15,45
217,Training Program 217,2022-10-01,2023-07-04,26
218,Training Program 218,2020-07-27,2021-09-16,27
219,Training Program 219,2020-05-29,2023-02-04,10
220,Training Program 220,2024-06-08,2021-09-17,30
221,Training Program 221,2024-04-17,2024-05-27,40
222,Training Program 222,2024-03-14,2024-12-14,25
223,Training Program 223,2022-03-21,2023-04-08,29
224,Training Program 224,2024-01-21,2023-09-17,14
225,Training Program 225,2022-10-26,2022-04-20,36
226,Training Program 226,2023-08-03,2024-04-02,4
227,Training Program 227,2024-06-08,2024-07-15,34
228,Training Program 228,2023-09-07,2022-04-24,7
229,Training Program 229,2020-09-05,2020-08-31,22
230,Training Program 230,2022-11-11,2021-11-10,12
231,Training Program 231,2024-10-01,2022-07-21,12
232,Training Program 232,2021-06-01,2023-12-25,28
233,Training Program 233,2023-09-18,2020-07-06,14
234,Training Program 234,2021-01-13,2023-07-01,35
235,Training Program 235,2021-02-21,2021-02-14,27
236,Training Program 236,2020-04-08,2020-11-23,36
237,Training Program 237,2023-11-23,2025-02-06,13
238,Training Program 238,2021-12-12,2022-04-30,7
239,Training Program 239,2023-11-22,2021-01-06,12
240,Training Program 240,2024-12-13,2024-09-07,44
241,Training Program 241,2021-06-24,2024-05-10,3
242,Training Program 242,2024-04-18,2022-05-26,11
243,Training Program 243,2021-07-01,2022-01-16,3
244,Training Program 244,2025-01-02,2022-05-10,42
245,Training Program 245,2023-04-15,2020-03-11,23
246,Training Program 246,2023-12-20,2024-07-19,43
247,Training Program 247,2023-02-22,2021-09-09,26
248,Training Program 248,2024-07-30,2023-10-28,20
249,Training Program 249,2022-06-05,2024-12-01,28
250,Training Program 250,2022-04-17,2020-06-04,26
251,Training Program 251,2024-03-08,2024-02-11,14
252,Training Program 252,2021-07-03,2024-12-17,49
253,Training Program 253,2022-08-26,2023-01-22,26
254,Training Program 254,2024-08-09,2020-08-05,35
255,Training Program 255,2024-07-30,2021-02-09,2
256,Training Program 256,2023-08-01,2025-01-16,19
257,Training Program 257,2020-10-25,2020-05-08,26
258,Training Program 258,2020-06-25,2024-07-13,47
259,Training Program 259,2022-02-23,2021-03-09,42
260,Training Program 260,2020-07-29,2023-01-09,11
261,Training Program 261,2024-05-31,2021-12-25,36
262,Training Program 262,2021-02-16,2022-01-17,13
263,Training Program 263,2025-03-17,2020-12-07,34
264,Training Program 264,2020-04-27,2024-09-28,14
265,Training Program 265,2022-06-19,2022-03-02,50
266,Training Program 266,2022-07-12,2022-01-25,42
267,Training Program 267,2022-02-13,2020-02-20,24
268,Training Program 268,2022-08-30,2021-06-12,2
269,Training Program 269,2022-09-26,2023-09-09,39
270,Training Program 270,2021-02-13,2021-11-28,32
271,Training Program 271,2023-10-19,2022-10-13,5
272,Training Program 272,2023-10-24,2021-02-06,43
273,Training Program 273,2022-05-09,2024-02-23,30
274,Training Program 274,2023-10-11,2023-01-14,1
275,Training Program 275,2020-06-29,2024-07-14,36
276,Training Program 276,2021-07-26,2024-04-20,10
277,Training Program 277,2022-04-16,2021-02-24,35
278,Training Program 278,2022-07-11,2024-08-07,43
279,Training Program 279,2021-01-13,2023-11-11,39
280,Training Program 280,2022-08-04,2021-02-13,21
281,Training Program 281,2021-03-20,2020-09-28,15
282,Training Program 282,2021-08-14,2022-10-03,26
283,Training Program 283,2025-01-08,2023-11-19,21
284,Training Program 284,2023-01-13,2021-10-09,37
285,Training Program 285,2023-07-19,2024-12-29,38
286,Training Program 286,2022-01-13,2024-08-17,18
287,Training Program 287,2023-10-31,2021-03-31,27
288,Training Program 288,2024-09-27,2021-05-09,42
289,Training Program 289,2023-05-12,2023-01-07,16
290,Training Program 290,2024-04-03,2022-05-23,42
291,Training Program 291,2023-09-18,2022-05-03,23
292,Training Program 292,2020-06-18,2021-02-12,7
293,Training Program 293,2023-03-15,2024-12-29,27
294,Training Program 294,2024-02-21,2020-03-22,25
295,Training Program 295,2023-04-19,2020-07-04,19
296,Training Program 296,2021-09-20,2020-11-20,46
297,Training Program 297,2024-05-18,2024-04-28,1
298,Training Program 298,2024-04-25,2020-10-09,5
299,Training Program 299,2022-07-18,2020-11-23,34
300,Training Program 300,2020-08-01,2023-12-15,30
301,Training Program 301,2020-12-04,2021-09-17,20
302,Training Program 302,2021-12-04,2020-07-27,10
303,Training Program 303,2023-10-16,2020-05-26,5
304,Training Program 304,2024-01-04,2020-12-27,42
305,Training Program 305,2020-08-30,2021-10-10,4
306,Training Program 306,2021-08-04,2024-01-19,31
307,Training Program 307,2021-12-10,2023-03-18,20
308,Training Program 308,2021-10-01,2020-10-18,40
309,Training Program 309,2024-11-10,2024-09-26,28
310,Training Program 310,2020-06-30,2023-07-31,49
311,Training Program 311,2021-08-04,2021-02-03,20
312,Training Program 312,2022-01-23,2023-05-08,33
313,Training Program 313,2020-05-18,2021-03-12,37
314,Training Program 314,2024-11-12,2021-01-08,17
315,Training Program 315,2023-09-26,2023-11-17,5
316,Training Program 316,2024-04-02,2024-10-27,26
317,Training Program 317,2024-02-06,2024-09-12,30
318,Training Program 318,2024-06-22,2021-04-02,2
319,Training Program 319,2022-07-24,2020-02-28,48
320,Training Program 320,2023-08-16,2024-11-29,4
321,Training Program 321,2024-09-05,2024-06-12,2
322,Training Program 322,2022-03-05,2024-07-31,21
323,Training Program 323,2022-04-13,2024-06-20,30
324,Training Program 324,2023-10-08,2024-12-26,20
325,Training Program 325,2020-09-20,2023-09-25,37
326,Training Program 326,2022-07-29,2022-09-19,7
327,Training Program 327,2024-06-09,2020-04-12,24
328,Training Program 328,2021-07-05,2021-04-11,4
329,Training Program 329,2022-09-18,2024-01-28,24
330,Training Program 330,2020-04-09,2022-04-11,26
331,Training Program 331,2023-04-11,2023-07-23,2
332,Training Program 332,2024-02-14,2025-01-05,18
333,Training Program 333,2022-11-26,2020-12-15,26
334,Training Program 334,2020-12-30,2021-04-10,16
335,Training Program 335,2023-06-20,2024-06-05,39
336,Training Program 336,2020-02-29,2020-04-30,13
337,Training Program 337,2020-05-20,2022-07-30,9
338,Training Program 338,2021-04-14,2024-11-10,25
339,Training Program 339,2020-10-16,2024-09-01,48
340,Training Program 340,2023-04-05,2023-07-17,48
341,Training Program 341,2020-03-12,2020-04-04,33
342,Training Program 342,2023-04-06,2022-10-05,15
343,Training Program 343,2023-04-08,2025-02-26,18
344,Training Program 344,2021-05-01,2022-09-24,8
345,Training Program 345,2022-03-06,2021-01-21,19
346,Training Program 346,2023-12-25,2020-03-01,19
347,Training Program 347,2021-05-01,2022-12-24,35
348,Training Program 348,2020-05-23,2021-05-17,25
349,Training Program 349,2023-06-10,2022-08-30,34
350,Training Program 350,2022-07-24,2024-07-21,33
351,Training Program 351,2022-01-19,2024-09-27,37
352,Training Program 352,2024-08-20,2024-12-04,5
353,Training Program 353,2023-09-08,2023-09-03,22
354,Training Program 354,2022-09-15,2024-10-05,38
355,Training Program 355,2024-07-07,2024-11-22,48
356,Training Program 356,2021-03-27,2022-02-04,37
357,Training Program 357,2023-03-19,2020-07-10,11
358,Training Program 358,2020-08-23,2022-03-05,23
359,Training Program 359,2021-06-15,2023-05-27,30
360,Training Program 360,2025-03-30,2022-04-02,4
361,Training Program 361,2022-05-12,2023-03-01,4
362,Training Program 362,2023-04-20,2023-05-03,48
363,Training Program 363,2021-02-16,2020-02-25,14
364,Training Program 364,2020-10-09,2021-04-12,50
365,Training Program 365,2022-05-08,2024-06-27,32
366,Training Program 366,2020-08-21,2020-04-18,21
367,Training Program 367,2023-10-07,2024-02-19,4
368,Training Program 368,2022-05-28,2024-01-25,6
369,Training Program 369,2022-01-05,2024-05-31,2
370,Training Program 370,2024-08-20,2022-02-08,3
371,Training Program 371,2020-08-12,2020-12-09,36
372,Training Program 372,2021-05-27,2020-10-13,14
373,Training Program 373,2020-04-25,2022-09-06,6
374,Training Program 374,2023-12-22,2022-07-30,25
375,Training Program 375,2022-06-07,2020-05-13,16
376,Training Program 376,2024-08-11,2022-11-30,44
377,Training Program 377,2020-04-03,2024-05-22,3
378,Training Program 378,2024-09-20,2021-05-29,26
379,Training Program 379,2023-01-04,2021-12-10,5
380,Training Program 380,2023-10-20,2024-10-18,45
381,Training Program 381,2020-11-26,2022-12-07,46
382,Training Program 382,2020-06-24,2024-01-09,16
383,Training Program 383,2020-12-15,2021-07-25,30
384,Training Program 384,2020-12-09,2023-02-10,38
385,Training Program 385,2023-12-25,2023-05-02,34
386,Training Program 386,2020-03-30,2021-07-14,28
387,Training Program 387,2020-04-09,2024-10-19,28
388,Training Program 388,2022-04-23,2022-01-27,37
389,Training Program 389,2023-12-28,2024-07-18,8
390,Training Program 390,2021-09-24,2022-03-28,20
391,Training Program 391,2023-01-02,2024-12-16,21
392,Training Program 392,2020-08-17,2022-06-25,47
393,Training Program 393,2021-11-19,2024-02-07,32
394,Training Program 394,2024-04-12,2022-09-21,28
395,Training Program 395,2023-11-24,2023-06-19,48
396,Training Program 396,2023-08-18,2023-03-05,28
397,Training Program 397,2023-05-26,2024-10-30,17
398,Training Program 398,2023-08-25,2024-02-27,14
399,Training Program 399,2024-03-03,2024-12-09,36
400,Training Program 400,2020-04-06,2020-07-11,16
