workout_id,workout_name,day_number,date_scheduled,last_completed
1,Upper Body,2,2024-01-02,2024-01-11
2,Full Body,3,2024-01-03,2024-01-11
3,Upper Body,4,2024-01-04,2024-01-06
4,Leg Day,5,2024-01-05,2024-01-14
5,HIIT,6,2024-01-06,2024-01-10
6,Upper Body,7,2024-01-07,2024-01-15
7,Strength Training,1,2024-01-08,2024-01-18
8,Upper Body,2,2024-01-09,2024-01-14
9,Leg Day,3,2024-01-10,2024-01-20
10,Yoga,4,2024-01-11,2024-01-21
11,HIIT,5,2024-01-12,2024-01-21
12,Full Body,6,2024-01-13,2024-01-21
13,Upper Body,7,2024-01-14,2024-01-23
14,Cardio,1,2024-01-15,2024-01-18
15,Full Body,2,2024-01-16,2024-01-17
16,Leg Day,3,2024-01-17,2024-01-19
17,Yoga,4,2024-01-18,2024-01-28
18,Cardio,5,2024-01-19,2024-01-21
19,Leg Day,6,2024-01-20,2024-01-24
20,Strength Training,7,2024-01-21,2024-01-23
21,Strength Training,1,2024-01-22,2024-01-28
22,Yoga,2,2024-01-23,2024-01-26
23,Yoga,3,2024-01-24,2024-01-27
24,Full Body,4,2024-01-25,2024-01-26
25,Yoga,5,2024-01-26,2024-02-02
26,HIIT,6,2024-01-27,2024-02-04
27,Cardio,7,2024-01-28,2024-02-02
28,Full Body,1,2024-01-29,2024-02-07
29,Upper Body,2,2024-01-30,2024-02-07
30,HIIT,3,2024-01-31,2024-02-05
31,Strength Training,4,2024-02-01,2024-02-03
32,Yoga,5,2024-02-02,2024-02-10
33,Yoga,6,2024-02-03,2024-02-11
34,HIIT,7,2024-02-04,2024-02-14
35,Full Body,1,2024-02-05,2024-02-10
36,Cardio,2,2024-02-06,2024-02-15
37,Yoga,3,2024-02-07,2024-02-13
38,Yoga,4,2024-02-08,2024-02-10
39,Cardio,5,2024-02-09,2024-02-15
40,Full Body,6,2024-02-10,2024-02-15
41,Cardio,7,2024-02-11,2024-02-21
42,Leg Day,1,2024-02-12,2024-02-15
43,Upper Body,2,2024-02-13,2024-02-18
44,Full Body,3,2024-02-14,2024-02-24
45,Upper Body,4,2024-02-15,2024-02-16
46,Strength Training,5,2024-02-16,2024-02-21
47,Yoga,6,2024-02-17,2024-02-25
48,HIIT,7,2024-02-18,2024-02-25
49,Strength Training,1,2024-02-19,2024-02-28
50,HIIT,2,2024-02-20,2024-02-22
51,Upper Body,3,2024-02-21,2024-02-26
52,Full Body,4,2024-02-22,2024-02-26
53,Leg Day,5,2024-02-23,2024-03-01
54,Full Body,6,2024-02-24,2024-03-01
55,Full Body,7,2024-02-25,2024-02-27
56,Leg Day,1,2024-02-26,2024-03-03
57,Upper Body,2,2024-02-27,2024-03-02
58,Upper Body,3,2024-02-28,2024-03-02
59,Full Body,4,2024-02-29,2024-03-08
60,Yoga,5,2024-03-01,2024-03-05
61,Upper Body,6,2024-03-02,2024-03-09
62,Full Body,7,2024-03-03,2024-03-11
63,Upper Body,1,2024-03-04,2024-03-09
64,HIIT,2,2024-03-05,2024-03-10
65,Upper Body,3,2024-03-06,2024-03-10
66,HIIT,4,2024-03-07,2024-03-14
67,HIIT,5,2024-03-08,2024-03-09
68,Leg Day,6,2024-03-09,2024-03-19
69,Cardio,7,2024-03-10,2024-03-16
70,Strength Training,1,2024-03-11,2024-03-19
71,Yoga,2,2024-03-12,2024-03-19
72,Upper Body,3,2024-03-13,2024-03-23
73,Full Body,4,2024-03-14,2024-03-24
74,Strength Training,5,2024-03-15,2024-03-16
75,Upper Body,6,2024-03-16,2024-03-18
76,Leg Day,7,2024-03-17,2024-03-23
77,Leg Day,1,2024-03-18,2024-03-27
78,Upper Body,2,2024-03-19,2024-03-28
79,Cardio,3,2024-03-20,2024-03-27
80,Upper Body,4,2024-03-21,2024-03-25
81,HIIT,5,2024-03-22,2024-03-31
82,Leg Day,6,2024-03-23,2024-03-29
83,Cardio,7,2024-03-24,2024-03-26
84,Leg Day,1,2024-03-25,2024-03-31
85,Upper Body,2,2024-03-26,2024-04-01
86,HIIT,3,2024-03-27,2024-04-02
87,Full Body,4,2024-03-28,2024-03-30
88,Cardio,5,2024-03-29,2024-04-02
89,Yoga,6,2024-03-30,2024-04-01
90,HIIT,7,2024-03-31,2024-04-08
91,Yoga,1,2024-04-01,2024-04-03
92,Strength Training,2,2024-04-02,2024-04-09
93,Cardio,3,2024-04-03,2024-04-12
94,Cardio,4,2024-04-04,2024-04-12
95,Strength Training,5,2024-04-05,2024-04-07
96,Full Body,6,2024-04-06,2024-04-08
97,Upper Body,7,2024-04-07,2024-04-15
98,Cardio,1,2024-04-08,2024-04-18
99,Leg Day,2,2024-04-09,2024-04-11
100,Upper Body,3,2024-04-10,2024-04-14
101,Yoga,4,2024-04-11,2024-04-12
102,Upper Body,5,2024-04-12,2024-04-21
103,HIIT,6,2024-04-13,2024-04-21
104,Strength Training,7,2024-04-14,2024-04-15
105,Full Body,1,2024-04-15,2024-04-24
106,HIIT,2,2024-04-16,2024-04-22
107,Upper Body,3,2024-04-17,2024-04-18
108,Leg Day,4,2024-04-18,2024-04-26
109,Full Body,5,2024-04-19,2024-04-28
110,Yoga,6,2024-04-20,2024-04-22
111,Cardio,7,2024-04-21,2024-05-01
112,Yoga,1,2024-04-22,2024-04-25
113,Full Body,2,2024-04-23,2024-04-25
114,HIIT,3,2024-04-24,2024-04-29
115,Yoga,4,2024-04-25,2024-04-29
116,HIIT,5,2024-04-26,2024-05-06
117,Yoga,6,2024-04-27,2024-05-05
118,Yoga,7,2024-04-28,2024-04-30
119,Cardio,1,2024-04-29,2024-05-04
120,HIIT,2,2024-04-30,2024-05-07
121,Yoga,3,2024-05-01,2024-05-06
122,Upper Body,4,2024-05-02,2024-05-08
123,Full Body,5,2024-05-03,2024-05-04
124,Leg Day,6,2024-05-04,2024-05-14
125,Yoga,7,2024-05-05,2024-05-07
126,Cardio,1,2024-05-06,2024-05-07
127,Leg Day,2,2024-05-07,2024-05-10
128,Yoga,3,2024-05-08,2024-05-09
129,Upper Body,4,2024-05-09,2024-05-12
130,Leg Day,5,2024-05-10,2024-05-16
131,Cardio,6,2024-05-11,2024-05-16
132,Upper Body,7,2024-05-12,2024-05-20
133,HIIT,1,2024-05-13,2024-05-15
134,Full Body,2,2024-05-14,2024-05-24
135,Upper Body,3,2024-05-15,2024-05-23
136,Leg Day,4,2024-05-16,2024-05-24
137,Cardio,5,2024-05-17,2024-05-26
138,Cardio,6,2024-05-18,2024-05-28
139,HIIT,7,2024-05-19,2024-05-28
140,Upper Body,1,2024-05-20,2024-05-24
141,Strength Training,2,2024-05-21,2024-05-24
142,Upper Body,3,2024-05-22,2024-05-23
143,HIIT,4,2024-05-23,2024-05-26
144,Upper Body,5,2024-05-24,2024-05-27
145,Strength Training,6,2024-05-25,2024-05-28
146,HIIT,7,2024-05-26,2024-05-27
147,Leg Day,1,2024-05-27,2024-06-03
148,Leg Day,2,2024-05-28,2024-06-01
149,HIIT,3,2024-05-29,2024-06-03
150,Leg Day,4,2024-05-30,2024-05-31
151,Leg Day,5,2024-05-31,2024-06-06
152,HIIT,6,2024-06-01,2024-06-02
153,Strength Training,7,2024-06-02,2024-06-07
154,Cardio,1,2024-06-03,2024-06-06
155,Upper Body,2,2024-06-04,2024-06-05
156,Leg Day,3,2024-06-05,2024-06-12
157,Strength Training,4,2024-06-06,2024-06-14
158,HIIT,5,2024-06-07,2024-06-11
159,Full Body,6,2024-06-08,2024-06-11
160,Yoga,7,2024-06-09,2024-06-17
161,HIIT,1,2024-06-10,2024-06-18
162,Strength Training,2,2024-06-11,2024-06-21
163,Leg Day,3,2024-06-12,2024-06-13
164,Upper Body,4,2024-06-13,2024-06-17
165,Strength Training,5,2024-06-14,2024-06-22
166,HIIT,6,2024-06-15,2024-06-23
167,Yoga,7,2024-06-16,2024-06-19
168,Cardio,1,2024-06-17,2024-06-23
169,Strength Training,2,2024-06-18,2024-06-21
170,Full Body,3,2024-06-19,2024-06-25
171,Leg Day,4,2024-06-20,2024-06-22
172,Full Body,5,2024-06-21,2024-06-29
173,Cardio,6,2024-06-22,2024-06-30
174,Full Body,7,2024-06-23,2024-07-01
175,Leg Day,1,2024-06-24,2024-06-26
176,HIIT,2,2024-06-25,2024-07-03
177,Yoga,3,2024-06-26,2024-07-04
178,Leg Day,4,2024-06-27,2024-06-30
179,HIIT,5,2024-06-28,2024-07-03
180,Strength Training,6,2024-06-29,2024-07-01
181,Leg Day,7,2024-06-30,2024-07-04
182,Leg Day,1,2024-07-01,2024-07-08
183,Upper Body,2,2024-07-02,2024-07-03
184,Full Body,3,2024-07-03,2024-07-04
185,Full Body,4,2024-07-04,2024-07-07
186,Full Body,5,2024-07-05,2024-07-07
187,Strength Training,6,2024-07-06,2024-07-08
188,Leg Day,7,2024-07-07,2024-07-12
189,Yoga,1,2024-07-08,2024-07-12
190,Leg Day,2,2024-07-09,2024-07-16
191,Leg Day,3,2024-07-10,2024-07-19
192,Yoga,4,2024-07-11,2024-07-20
193,Full Body,5,2024-07-12,2024-07-13
194,Strength Training,6,2024-07-13,2024-07-18
195,Upper Body,7,2024-07-14,2024-07-15
196,HIIT,1,2024-07-15,2024-07-16
197,HIIT,2,2024-07-16,2024-07-19
198,Leg Day,3,2024-07-17,2024-07-23
199,Strength Training,4,2024-07-18,2024-07-23
200,Full Body,5,2024-07-19,2024-07-20
201,Upper Body,6,2024-07-20,2024-07-29
202,Yoga,7,2024-07-21,2024-07-30
203,Yoga,1,2024-07-22,2024-07-31
204,Yoga,2,2024-07-23,2024-07-24
205,HIIT,3,2024-07-24,2024-07-26
206,Full Body,4,2024-07-25,2024-08-02
207,Upper Body,5,2024-07-26,2024-07-27
208,Yoga,6,2024-07-27,2024-08-01
209,HIIT,7,2024-07-28,2024-08-02
210,Full Body,1,2024-07-29,2024-07-30
211,Cardio,2,2024-07-30,2024-08-03
212,Full Body,3,2024-07-31,2024-08-08
213,Full Body,4,2024-08-01,2024-08-06
214,HIIT,5,2024-08-02,2024-08-04
215,Leg Day,6,2024-08-03,2024-08-07
216,HIIT,7,2024-08-04,2024-08-09
217,HIIT,1,2024-08-05,2024-08-14
218,Cardio,2,2024-08-06,2024-08-08
219,Leg Day,3,2024-08-07,2024-08-17
220,Cardio,4,2024-08-08,2024-08-10
221,Cardio,5,2024-08-09,2024-08-17
222,Upper Body,6,2024-08-10,2024-08-11
223,Full Body,7,2024-08-11,2024-08-18
224,Yoga,1,2024-08-12,2024-08-20
225,Full Body,2,2024-08-13,2024-08-20
226,Leg Day,3,2024-08-14,2024-08-18
227,Cardio,4,2024-08-15,2024-08-19
228,Cardio,5,2024-08-16,2024-08-25
229,HIIT,6,2024-08-17,2024-08-22
230,Yoga,7,2024-08-18,2024-08-21
231,Yoga,1,2024-08-19,2024-08-26
232,Cardio,2,2024-08-20,2024-08-29
233,Yoga,3,2024-08-21,2024-08-23
234,HIIT,4,2024-08-22,2024-08-26
235,HIIT,5,2024-08-23,2024-08-24
236,Full Body,6,2024-08-24,2024-09-03
237,Strength Training,7,2024-08-25,2024-08-26
238,Strength Training,1,2024-08-26,2024-08-27
239,HIIT,2,2024-08-27,2024-08-31
240,Leg Day,3,2024-08-28,2024-09-05
241,Leg Day,4,2024-08-29,2024-09-01
242,Leg Day,5,2024-08-30,2024-09-01
243,HIIT,6,2024-08-31,2024-09-06
244,HIIT,7,2024-09-01,2024-09-04
245,HIIT,1,2024-09-02,2024-09-11
246,Strength Training,2,2024-09-03,2024-09-10
247,Upper Body,3,2024-09-04,2024-09-06
248,HIIT,4,2024-09-05,2024-09-11
249,Yoga,5,2024-09-06,2024-09-08
250,Full Body,6,2024-09-07,2024-09-13
251,Yoga,7,2024-09-08,2024-09-18
252,Upper Body,1,2024-09-09,2024-09-10
253,Upper Body,2,2024-09-10,2024-09-16
254,Yoga,3,2024-09-11,2024-09-15
255,Strength Training,4,2024-09-12,2024-09-17
256,Upper Body,5,2024-09-13,2024-09-20
257,HIIT,6,2024-09-14,2024-09-20
258,Yoga,7,2024-09-15,2024-09-18
259,Cardio,1,2024-09-16,2024-09-19
260,Cardio,2,2024-09-17,2024-09-20
261,Leg Day,3,2024-09-18,2024-09-28
262,Yoga,4,2024-09-19,2024-09-27
263,HIIT,5,2024-09-20,2024-09-28
264,Cardio,6,2024-09-21,2024-09-27
265,Full Body,7,2024-09-22,2024-09-29
266,Full Body,1,2024-09-23,2024-09-27
267,Yoga,2,2024-09-24,2024-09-30
268,Cardio,3,2024-09-25,2024-09-30
269,Upper Body,4,2024-09-26,2024-09-30
270,Yoga,5,2024-09-27,2024-10-01
271,Strength Training,6,2024-09-28,2024-10-02
272,Full Body,7,2024-09-29,2024-10-08
273,Leg Day,1,2024-09-30,2024-10-09
274,Strength Training,2,2024-10-01,2024-10-10
275,HIIT,3,2024-10-02,2024-10-11
276,Leg Day,4,2024-10-03,2024-10-08
277,Cardio,5,2024-10-04,2024-10-10
278,Full Body,6,2024-10-05,2024-10-07
279,Leg Day,7,2024-10-06,2024-10-11
280,Cardio,1,2024-10-07,2024-10-10
281,Cardio,2,2024-10-08,2024-10-10
282,Full Body,3,2024-10-09,2024-10-17
283,Leg Day,4,2024-10-10,2024-10-17
284,Strength Training,5,2024-10-11,2024-10-19
285,Leg Day,6,2024-10-12,2024-10-19
286,Cardio,7,2024-10-13,2024-10-18
287,Leg Day,1,2024-10-14,2024-10-20
288,HIIT,2,2024-10-15,2024-10-22
289,HIIT,3,2024-10-16,2024-10-23
290,Yoga,4,2024-10-17,2024-10-24
291,Strength Training,5,2024-10-18,2024-10-26
292,Upper Body,6,2024-10-19,2024-10-21
293,Strength Training,7,2024-10-20,2024-10-25
294,Yoga,1,2024-10-21,2024-10-22
295,Strength Training,2,2024-10-22,2024-10-29
296,Cardio,3,2024-10-23,2024-10-26
297,Upper Body,4,2024-10-24,2024-10-31
298,HIIT,5,2024-10-25,2024-11-02
299,Strength Training,6,2024-10-26,2024-10-27
300,Yoga,7,2024-10-27,2024-11-06
301,Strength Training,1,2024-10-28,2024-11-06
302,Full Body,2,2024-10-29,2024-11-02
303,Full Body,3,2024-10-30,2024-11-05
304,HIIT,4,2024-10-31,2024-11-07
305,Yoga,5,2024-11-01,2024-11-07
306,Yoga,6,2024-11-02,2024-11-04
307,Upper Body,7,2024-11-03,2024-11-11
308,Yoga,1,2024-11-04,2024-11-11
309,Full Body,2,2024-11-05,2024-11-12
310,Leg Day,3,2024-11-06,2024-11-11
311,Leg Day,4,2024-11-07,2024-11-14
312,HIIT,5,2024-11-08,2024-11-15
313,Leg Day,6,2024-11-09,2024-11-16
314,Yoga,7,2024-11-10,2024-11-15
315,Strength Training,1,2024-11-11,2024-11-18
316,Leg Day,2,2024-11-12,2024-11-22
317,Upper Body,3,2024-11-13,2024-11-22
318,HIIT,4,2024-11-14,2024-11-20
319,Cardio,5,2024-11-15,2024-11-18
320,Yoga,6,2024-11-16,2024-11-23
321,HIIT,7,2024-11-17,2024-11-23
322,Yoga,1,2024-11-18,2024-11-21
323,Strength Training,2,2024-11-19,2024-11-22
324,Upper Body,3,2024-11-20,2024-11-27
325,HIIT,4,2024-11-21,2024-11-29
326,Full Body,5,2024-11-22,2024-11-28
327,HIIT,6,2024-11-23,2024-12-03
328,Yoga,7,2024-11-24,2024-12-04
329,Cardio,1,2024-11-25,2024-11-26
330,Strength Training,2,2024-11-26,2024-11-27
331,Leg Day,3,2024-11-27,2024-11-30
332,Yoga,4,2024-11-28,2024-11-29
333,HIIT,5,2024-11-29,2024-12-09
334,Strength Training,6,2024-11-30,2024-12-06
335,Cardio,7,2024-12-01,2024-12-03
336,Cardio,1,2024-12-02,2024-12-04
337,Upper Body,2,2024-12-03,2024-12-09
338,Yoga,3,2024-12-04,2024-12-13
339,Full Body,4,2024-12-05,2024-12-09
340,Yoga,5,2024-12-06,2024-12-14
341,Yoga,6,2024-12-07,2024-12-08
342,Leg Day,7,2024-12-08,2024-12-14
343,HIIT,1,2024-12-09,2024-12-13
344,Yoga,2,2024-12-10,2024-12-14
345,Cardio,3,2024-12-11,2024-12-18
346,Full Body,4,2024-12-12,2024-12-18
347,HIIT,5,2024-12-13,2024-12-19
348,HIIT,6,2024-12-14,2024-12-17
349,HIIT,7,2024-12-15,2024-12-25
350,HIIT,1,2024-12-16,2024-12-24
351,Upper Body,2,2024-12-17,2024-12-18
352,Upper Body,3,2024-12-18,2024-12-23
353,Leg Day,4,2024-12-19,2024-12-27
354,Upper Body,5,2024-12-20,2024-12-26
355,Leg Day,6,2024-12-21,2024-12-22
356,Strength Training,7,2024-12-22,2024-12-29
357,Upper Body,1,2024-12-23,2024-12-26
358,Upper Body,2,2024-12-24,2025-01-01
359,Cardio,3,2024-12-25,2024-12-27
360,Yoga,4,2024-12-26,2025-01-05
361,Full Body,5,2024-12-27,2024-12-31
362,Leg Day,6,2024-12-28,2025-01-03
363,Leg Day,7,2024-12-29,2025-01-06
364,Full Body,1,2024-12-30,2025-01-06
365,Leg Day,2,2024-12-31,2025-01-09
366,Full Body,3,2025-01-01,2025-01-10
367,HIIT,4,2025-01-02,2025-01-06
368,Leg Day,5,2025-01-03,2025-01-04
369,HIIT,6,2025-01-04,2025-01-08
370,HIIT,7,2025-01-05,2025-01-07
371,Strength Training,1,2025-01-06,2025-01-15
372,Yoga,2,2025-01-07,2025-01-09
373,Full Body,3,2025-01-08,2025-01-17
374,Yoga,4,2025-01-09,2025-01-13
375,Yoga,5,2025-01-10,2025-01-11
376,Strength Training,6,2025-01-11,2025-01-16
377,HIIT,7,2025-01-12,2025-01-20
378,Leg Day,1,2025-01-13,2025-01-22
379,Yoga,2,2025-01-14,2025-01-16
380,Cardio,3,2025-01-15,2025-01-22
381,Yoga,4,2025-01-16,2025-01-25
382,Cardio,5,2025-01-17,2025-01-20
383,Leg Day,6,2025-01-18,2025-01-23
384,Cardio,7,2025-01-19,2025-01-26
385,Upper Body,1,2025-01-20,2025-01-27
386,Leg Day,2,2025-01-21,2025-01-30
387,Leg Day,3,2025-01-22,2025-01-30
388,Leg Day,4,2025-01-23,2025-01-26
389,Strength Training,5,2025-01-24,2025-01-25
390,Cardio,6,2025-01-25,2025-01-29
391,Leg Day,7,2025-01-26,2025-01-27
392,Cardio,1,2025-01-27,2025-01-29
393,Cardio,2,2025-01-28,2025-02-04
394,Full Body,3,2025-01-29,2025-02-08
395,Upper Body,4,2025-01-30,2025-02-04
396,Cardio,5,2025-01-31,2025-02-01
397,Upper Body,6,2025-02-01,2025-02-08
398,Yoga,7,2025-02-02,2025-02-07
399,Strength Training,1,2025-02-03,2025-02-13
400,Cardio,2,2025-02-04,2025-02-13
