ProgramID,ProgramName,StartDate,EndDate,TraineeID
194,Yoga,4/29/2023,6/12/2024,235526449
334,Yoga,11/8/2023,7/30/2024,409577692
437,Functional Training,12/10/2022,2/5/2024,236779343
149,Pilates,1/16/2022,2/5/2024,435473565
105,Strength Training,8/18/2023,3/5/2024,793585678
238,CrossFit,12/1/2023,9/9/2024,503129939
126,Strength Training,7/4/2022,10/9/2024,876470057
406,Yoga,1/26/2023,9/8/2024,576863127
253,Yoga,10/28/2023,11/15/2024,554397030
282,Functional Training,1/12/2022,9/19/2024,254272488
359,Endurance Training,5/9/2023,3/28/2024,632861581
201,Endurance Training,2/5/2022,12/22/2024,524822309
263,Functional Training,9/15/2023,3/14/2024,147510221
106,Pilates,8/16/2023,2/21/2024,300992700
255,CrossFit,7/10/2023,1/15/2024,799794331
306,Functional Training,1/12/2022,7/6/2024,737982978
183,CrossFit,3/20/2023,7/29/2024,863185804
217,Functional Training,10/13/2022,3/2/2024,591024990
110,Functional Training,8/7/2022,5/11/2024,405938769
144,Personal Training,1/5/2023,1/4/2024,234885794
228,Personal Training,12/18/2022,9/19/2024,270889634
210,Personal Training,6/7/2022,2/9/2024,881728126
487,Pilates,1/31/2022,5/11/2024,841991665
379,Pilates,4/11/2022,9/26/2024,801102276
140,Functional Training,2/7/2022,6/30/2024,245027906
476,Yoga,7/13/2023,5/31/2024,530809607
247,Functional Training,2/24/2022,8/20/2024,803298715
289,Personal Training,3/3/2023,4/20/2024,305055940
134,CrossFit,2/17/2022,3/18/2024,908661863
195,Personal Training,10/12/2023,11/8/2024,288660885
458,Yoga,5/3/2023,7/23/2024,585937837
115,Yoga,6/17/2023,10/17/2024,912753039
177,Strength Training,5/19/2022,6/8/2024,446613401
286,Personal Training,7/12/2023,5/29/2024,669350991
489,Strength Training,7/5/2023,8/30/2024,445508607
292,Yoga,5/13/2023,6/21/2024,641769847
402,Functional Training,9/5/2022,11/14/2024,536141398
142,Endurance Training,11/23/2022,3/4/2024,811904319
408,Yoga,8/6/2023,4/16/2024,407522427
275,Pilates,1/13/2023,11/26/2024,822169980
396,Endurance Training,11/24/2022,11/29/2024,383264932
495,Yoga,6/8/2022,5/28/2024,164886526
246,Yoga,5/15/2022,7/30/2024,709633849
484,Personal Training,8/9/2023,9/4/2024,960228341
428,CrossFit,1/2/2022,6/29/2024,388640154
169,Pilates,10/28/2022,12/25/2024,692122077
227,Functional Training,2/22/2022,5/8/2024,213844671
154,Yoga,12/15/2022,8/21/2024,879596283
107,Endurance Training,11/8/2023,6/4/2024,102146214
127,CrossFit,5/10/2023,7/8/2024,694636801
326,Endurance Training,12/14/2022,7/24/2024,114987984
318,Endurance Training,9/1/2023,12/17/2024,251440663
415,Strength Training,7/22/2022,1/19/2024,572292220
150,Endurance Training,1/18/2023,6/22/2024,203892044
340,Yoga,10/21/2022,12/17/2024,244011531
432,Personal Training,3/4/2023,4/18/2024,249770070
117,Yoga,1/6/2022,6/26/2024,139336933
399,Yoga,11/7/2023,12/3/2024,130903669
171,Functional Training,1/14/2022,8/31/2024,166873018
294,Yoga,8/15/2023,2/8/2024,985039990
283,Yoga,1/16/2023,11/15/2024,265814001
170,Endurance Training,11/14/2023,6/6/2024,127596657
382,Pilates,2/28/2023,7/9/2024,848133867
222,Functional Training,3/19/2022,1/24/2024,451703195
362,Endurance Training,12/19/2023,9/21/2024,245923972
433,Personal Training,8/6/2022,9/8/2024,652743272
347,Functional Training,2/28/2023,3/12/2024,576757209
265,Strength Training,7/22/2022,1/9/2024,683154426
452,Personal Training,1/15/2023,6/27/2024,319359241
486,Functional Training,6/14/2022,5/25/2024,882838360
349,Strength Training,9/11/2023,2/10/2024,836994991
385,Yoga,12/23/2023,8/18/2024,129973901
113,CrossFit,7/4/2022,11/22/2024,999286476
214,CrossFit,11/20/2023,9/12/2024,937161596
259,CrossFit,5/22/2022,10/1/2024,454971672
204,Yoga,1/13/2022,8/6/2024,414351236
479,CrossFit,3/18/2023,9/29/2024,103361978
375,Personal Training,3/23/2023,9/7/2024,277094804
446,Personal Training,3/8/2023,10/30/2024,790270850
305,Yoga,8/25/2022,5/2/2024,550555423
178,Pilates,4/2/2023,12/26/2024,314195936
234,Pilates,8/26/2022,1/27/2024,115880568
147,Endurance Training,3/30/2023,6/13/2024,156870000
293,Functional Training,4/9/2023,10/23/2024,802851350
388,Pilates,7/7/2023,4/6/2024,842716791
355,Personal Training,3/28/2022,7/19/2024,270592749
376,Endurance Training,8/27/2022,10/17/2024,629804380
475,Pilates,11/8/2023,3/26/2024,866774658
277,CrossFit,9/6/2022,8/13/2024,617946089
496,Yoga,10/13/2022,7/10/2024,465826131
322,Personal Training,5/28/2022,12/26/2024,356425960
139,Pilates,12/12/2023,12/1/2024,447491018
321,Pilates,9/23/2022,6/25/2024,961263436
138,Strength Training,11/1/2022,7/5/2024,337445517
351,CrossFit,3/28/2023,2/16/2024,662127234
161,Strength Training,12/31/2022,9/30/2024,215094690
419,Strength Training,11/3/2023,12/6/2024,105668778
344,CrossFit,6/7/2022,6/24/2024,117895378
273,CrossFit,11/27/2022,5/31/2024,440849647
315,CrossFit,1/10/2022,6/12/2024,115634538
323,Personal Training,3/3/2023,6/11/2024,401039764
310,Pilates,2/11/2022,1/7/2024,186799276
151,Functional Training,8/14/2022,8/15/2024,470348028
300,Yoga,7/14/2023,11/23/2024,526865997
395,Functional Training,6/4/2022,7/18/2024,842650949
181,Pilates,8/24/2023,7/29/2024,994842230
278,Personal Training,7/28/2023,7/3/2024,865029371
179,Personal Training,10/5/2022,4/30/2024,591957975
133,Pilates,12/3/2022,11/8/2024,175909013
471,Pilates,3/7/2022,7/13/2024,136071565
450,Endurance Training,12/28/2023,10/14/2024,668694649
216,CrossFit,1/28/2023,12/25/2024,438592807
164,CrossFit,4/16/2022,11/8/2024,992323565
380,CrossFit,11/27/2022,12/7/2024,806532996
114,Yoga,6/16/2022,9/20/2024,497966586
331,CrossFit,9/9/2022,6/25/2024,778177688
270,Yoga,12/7/2023,8/10/2024,848465994
311,Yoga,6/6/2023,10/19/2024,734574810
281,Yoga,9/10/2022,2/5/2024,889662494
196,Personal Training,9/8/2023,1/19/2024,880375555
346,Personal Training,9/27/2023,3/8/2024,205919083
143,Endurance Training,11/8/2023,4/23/2024,168294710
198,Personal Training,11/7/2022,10/20/2024,165333345
314,Personal Training,12/27/2023,5/12/2024,999780969
337,Pilates,8/23/2023,7/14/2024,408625571
108,Personal Training,2/25/2023,12/17/2024,230420630
448,Strength Training,5/12/2022,7/11/2024,546720676
250,Yoga,4/1/2023,5/4/2024,924618395
478,Personal Training,9/29/2022,1/6/2024,408852172
232,Strength Training,1/22/2022,6/28/2024,781626445
413,Strength Training,10/22/2023,8/21/2024,811371760
324,Strength Training,11/25/2022,12/27/2024,885720429
188,Functional Training,5/7/2022,8/22/2024,239455032
272,Personal Training,4/13/2022,6/14/2024,182636427
436,Functional Training,12/17/2023,8/10/2024,608788837
454,Pilates,4/1/2023,3/8/2024,896767104
295,Endurance Training,12/28/2023,10/13/2024,853511839
470,Pilates,2/8/2022,12/7/2024,932431342
364,CrossFit,7/8/2022,8/17/2024,504784567
391,Personal Training,11/3/2022,1/10/2024,368796351
288,Personal Training,8/20/2022,3/1/2024,593359905
466,Yoga,4/8/2022,5/31/2024,568269224
383,Endurance Training,3/14/2023,7/17/2024,731355693
197,CrossFit,12/8/2023,4/3/2024,575500874
285,Endurance Training,1/21/2022,9/16/2024,802920132
268,Strength Training,5/17/2022,11/29/2024,816223495
463,Yoga,1/20/2023,8/17/2024,992852266
290,Pilates,1/11/2023,8/20/2024,897821196
175,CrossFit,8/29/2022,1/27/2024,557537429
421,Strength Training,8/3/2023,2/22/2024,640100071
148,Functional Training,4/24/2023,6/12/2024,812183382
128,CrossFit,8/12/2022,8/25/2024,697200982
368,CrossFit,10/12/2022,3/5/2024,873939656
199,Functional Training,11/12/2022,8/15/2024,122064990
412,Personal Training,9/27/2022,5/31/2024,531994633
172,CrossFit,8/4/2022,8/7/2024,498347644
369,CrossFit,2/15/2022,2/13/2024,238175190
467,Endurance Training,2/8/2022,12/30/2024,584937791
301,Strength Training,1/19/2023,10/4/2024,422180366
208,Pilates,4/12/2022,1/29/2024,288743745
459,Yoga,6/25/2023,3/5/2024,133031745
121,Pilates,11/26/2022,8/9/2024,298895076
482,Strength Training,12/20/2023,11/22/2024,776409347
109,Endurance Training,11/12/2022,11/24/2024,482167189
245,Personal Training,7/7/2022,5/23/2024,765044951
330,Personal Training,2/1/2023,5/23/2024,862102204
200,Pilates,10/15/2022,12/30/2024,663269455
354,Endurance Training,2/19/2023,8/20/2024,501703047
481,Endurance Training,8/30/2022,2/13/2024,256526679
184,CrossFit,2/17/2022,1/16/2024,451177661
497,Functional Training,9/21/2022,6/30/2024,779003123
483,Functional Training,9/30/2022,3/13/2024,833490454
313,Personal Training,7/9/2023,1/15/2024,468702125
457,Functional Training,2/19/2023,10/25/2024,294143865
120,Strength Training,9/12/2022,3/17/2024,422299313
480,CrossFit,2/24/2023,5/23/2024,318748966
132,Pilates,1/4/2022,1/8/2024,795873801
332,Yoga,3/11/2023,4/6/2024,246433080
336,Yoga,9/10/2023,6/26/2024,450957086
112,Pilates,5/1/2023,8/18/2024,711252006
498,Personal Training,8/11/2022,6/3/2024,590392964
167,Functional Training,3/19/2023,6/4/2024,252413927
397,Strength Training,5/16/2022,3/6/2024,432592399
125,Endurance Training,6/29/2022,11/16/2024,586333276
447,CrossFit,10/1/2023,5/4/2024,328864491
429,Strength Training,8/3/2022,12/9/2024,844823349
157,Functional Training,5/26/2023,6/16/2024,949429590
223,Endurance Training,1/30/2022,6/30/2024,672390876
308,Yoga,1/19/2023,12/20/2024,723656042
182,Endurance Training,8/29/2023,10/28/2024,418072562
416,Endurance Training,9/3/2022,4/13/2024,874517605
269,Functional Training,7/12/2022,4/14/2024,816286896
180,Endurance Training,2/17/2023,11/11/2024,325889611
261,Endurance Training,5/2/2022,8/22/2024,379352885
488,CrossFit,5/13/2022,11/8/2024,365362598
327,Personal Training,9/27/2022,4/7/2024,341889546
100,Strength Training,4/18/2023,1/20/2024,908275733
119,Strength Training,2/27/2023,4/12/2024,685184666
257,Personal Training,3/9/2023,2/29/2024,839497882
372,Strength Training,5/3/2022,9/20/2024,866346595
401,Pilates,1/26/2022,9/10/2024,736026782
357,Strength Training,8/3/2022,11/7/2024,643350965
420,Strength Training,6/6/2022,9/23/2024,188721046
333,Endurance Training,8/11/2023,8/19/2024,733587464
190,Strength Training,6/13/2022,10/9/2024,358666160
173,CrossFit,7/11/2023,2/4/2024,330716712
155,CrossFit,9/5/2022,12/22/2024,655047203
252,CrossFit,9/8/2023,5/20/2024,675918431
176,Yoga,11/8/2022,7/7/2024,876872391
338,Functional Training,2/14/2023,7/14/2024,317316656
229,Yoga,5/16/2022,5/1/2024,902189068
248,Endurance Training,3/2/2023,8/15/2024,935760116
145,Strength Training,7/4/2022,12/20/2024,501819939
241,Yoga,2/23/2023,11/26/2024,315744428
103,Personal Training,12/12/2022,3/18/2024,106078042
378,Yoga,10/12/2023,8/7/2024,988989833
296,Pilates,11/6/2022,7/11/2024,310794153
213,Personal Training,4/27/2022,4/24/2024,761666634
435,Yoga,2/23/2023,3/25/2024,397666452
262,CrossFit,2/11/2023,12/4/2024,877698241
316,Endurance Training,12/18/2023,9/4/2024,303998892
153,Yoga,5/16/2023,7/11/2024,797052749
244,Functional Training,10/12/2023,4/29/2024,291658358
329,Strength Training,7/1/2022,7/11/2024,923669398
264,Functional Training,1/3/2022,9/18/2024,316079116
444,Personal Training,1/11/2022,7/4/2024,847609344
249,Pilates,5/7/2022,3/25/2024,750748524
160,Endurance Training,4/21/2022,8/29/2024,989779746
455,Pilates,12/5/2022,3/15/2024,778315970
491,Strength Training,7/5/2022,9/9/2024,971097675
162,CrossFit,2/17/2022,4/20/2024,448026474
166,Strength Training,1/11/2023,7/30/2024,313806865
219,Personal Training,7/15/2023,11/15/2024,370339527
426,Yoga,8/31/2022,6/17/2024,776763988
358,Endurance Training,2/9/2023,12/7/2024,936878009
328,Personal Training,9/26/2022,8/13/2024,428044024
123,Functional Training,1/12/2022,2/19/2024,366402454
158,Pilates,8/21/2022,8/25/2024,248195218
374,CrossFit,11/10/2022,5/20/2024,747087471
411,Pilates,5/1/2023,10/10/2024,426653138
319,Pilates,5/30/2022,11/29/2024,364433718
443,CrossFit,12/4/2022,5/2/2024,166526519
352,Pilates,11/22/2022,9/9/2024,560219333
394,Personal Training,10/10/2023,9/8/2024,705813201
156,Functional Training,1/14/2022,3/23/2024,295597677
386,Personal Training,6/17/2023,6/26/2024,658589532
202,Pilates,2/6/2022,11/29/2024,962950528
490,CrossFit,3/17/2022,2/26/2024,861427312
499,Personal Training,6/10/2022,2/12/2024,747322724
168,Strength Training,6/27/2022,6/28/2024,345820344
423,Yoga,7/7/2022,10/5/2024,385678239
136,Strength Training,10/2/2023,8/30/2024,110793926
424,Strength Training,3/20/2022,1/22/2024,774146927
193,Personal Training,4/21/2022,5/26/2024,992729351
343,Strength Training,3/2/2023,2/7/2024,560278903
417,Yoga,5/3/2023,5/4/2024,563170537
165,Yoga,10/16/2022,8/16/2024,468650010
287,Endurance Training,8/2/2022,6/22/2024,728162084
209,Yoga,3/16/2023,1/3/2024,799846604
111,Endurance Training,2/23/2023,1/28/2024,426126574
348,Functional Training,3/24/2022,6/1/2024,918386578
407,Yoga,12/21/2022,5/8/2024,966479082
356,Yoga,11/27/2022,4/5/2024,561806819
101,Endurance Training,12/24/2022,9/2/2024,840445958
339,Yoga,4/19/2022,11/15/2024,514698122
189,Strength Training,8/20/2023,3/30/2024,233131088
231,Functional Training,10/13/2022,11/4/2024,979021527
233,Strength Training,8/7/2023,2/20/2024,704043460
131,Functional Training,11/25/2022,5/23/2024,428479336
430,Endurance Training,7/9/2022,10/10/2024,254481451
373,Yoga,9/17/2022,6/28/2024,366237115
280,CrossFit,1/1/2023,8/13/2024,846848940
493,Endurance Training,9/29/2023,6/22/2024,209405148
186,Strength Training,10/1/2023,1/22/2024,730949576
461,Yoga,3/29/2022,10/30/2024,582171456
163,Personal Training,6/26/2023,9/30/2024,208005119
187,Pilates,6/13/2023,10/11/2024,877006847
284,Personal Training,9/28/2022,5/29/2024,670668925
393,Personal Training,11/27/2023,10/28/2024,144021228
218,Strength Training,8/9/2023,7/5/2024,745831634
469,CrossFit,1/12/2022,10/21/2024,423571425
276,CrossFit,2/6/2022,1/30/2024,669117979
441,Pilates,11/25/2023,2/17/2024,699584009
203,Endurance Training,1/20/2022,10/22/2024,211189393
220,Yoga,10/13/2022,4/19/2024,163499463
267,Endurance Training,2/21/2023,10/17/2024,857805447
317,Endurance Training,10/6/2023,6/25/2024,431093764
129,CrossFit,10/16/2022,11/28/2024,426191182
215,Pilates,7/25/2022,12/13/2024,396587237
398,Pilates,11/17/2023,6/7/2024,634105244
465,Pilates,2/15/2023,1/21/2024,446447919
425,Strength Training,12/28/2023,2/6/2024,481320078
251,Strength Training,6/12/2023,6/30/2024,681093165
494,Strength Training,10/24/2023,5/28/2024,984926590
345,Yoga,9/13/2022,9/16/2024,570576401
474,CrossFit,1/2/2023,5/14/2024,941004873
206,Personal Training,9/28/2023,2/12/2024,462666657
403,Pilates,8/22/2023,8/5/2024,198929097
390,Functional Training,12/5/2022,5/6/2024,126053541
225,Functional Training,11/18/2022,1/30/2024,427795028
116,Strength Training,11/11/2023,12/3/2024,144392159
366,Strength Training,10/22/2022,6/9/2024,920065781
303,Personal Training,4/18/2023,3/8/2024,501973986
207,Pilates,8/2/2023,5/29/2024,196020197
266,Functional Training,3/11/2022,12/23/2024,813016312
405,Functional Training,1/25/2022,10/16/2024,142808428
211,Pilates,3/6/2023,4/20/2024,558691089
291,Pilates,6/8/2022,7/8/2024,173925665
363,Strength Training,3/1/2023,11/1/2024,155879068
381,Personal Training,3/25/2022,4/30/2024,732992813
243,CrossFit,10/20/2022,9/20/2024,884240000
442,Functional Training,2/10/2022,10/10/2024,166141064
146,Strength Training,6/23/2022,4/19/2024,326417899
274,Personal Training,6/2/2023,4/29/2024,991172008
258,CrossFit,2/17/2023,2/9/2024,564010488
392,Strength Training,9/14/2022,9/14/2024,482871641
320,CrossFit,1/19/2023,1/30/2024,633957094
185,CrossFit,6/27/2023,8/5/2024,507046384
460,Personal Training,11/16/2023,6/14/2024,577363865
384,Pilates,12/25/2023,5/27/2024,667216663
473,Personal Training,5/16/2023,5/2/2024,238795723
260,Strength Training,10/11/2022,2/13/2024,849681253
477,Strength Training,5/24/2022,8/19/2024,988468904
438,CrossFit,7/1/2022,8/17/2024,292512202
377,Functional Training,7/9/2022,7/6/2024,179171655
400,Endurance Training,1/20/2022,5/24/2024,500407934
221,Pilates,1/27/2023,10/6/2024,501031963
367,Yoga,12/11/2023,5/14/2024,166534148
418,Functional Training,10/13/2022,6/11/2024,768123160
302,Strength Training,1/20/2022,6/7/2024,476102335
312,Endurance Training,8/16/2023,5/19/2024,791030986
135,Strength Training,2/2/2022,6/22/2024,633665836
271,CrossFit,8/14/2022,2/19/2024,259317771
353,Endurance Training,5/13/2023,10/15/2024,163701990
472,Endurance Training,4/10/2022,3/30/2024,364907309
342,Strength Training,1/15/2022,12/5/2024,420280542
440,Endurance Training,6/26/2022,3/3/2024,658456234
118,Pilates,11/25/2023,10/19/2024,258027174
439,CrossFit,10/14/2023,11/24/2024,268238576
410,Personal Training,5/8/2022,2/20/2024,610331628
451,Personal Training,2/22/2022,4/6/2024,685940056
279,Endurance Training,10/13/2022,4/22/2024,637606979
492,Functional Training,10/14/2022,6/14/2024,200643435
453,Personal Training,5/15/2022,11/8/2024,600476000
370,Pilates,8/28/2022,3/16/2024,723444174
240,Personal Training,10/13/2023,4/2/2024,319433486
371,Personal Training,4/12/2023,7/28/2024,473465304
102,Yoga,10/9/2022,12/7/2024,766905705
389,Functional Training,10/31/2022,3/22/2024,706049162
304,Strength Training,5/7/2023,10/6/2024,953007127
212,Pilates,4/23/2022,7/7/2024,348974089
307,Endurance Training,5/26/2022,7/28/2024,939015944
297,Endurance Training,7/2/2023,8/9/2024,490360874
254,Pilates,8/28/2022,12/21/2024,249847687
464,Endurance Training,4/8/2023,1/1/2024,535178156
152,Strength Training,2/25/2022,12/29/2024,961706078
445,Strength Training,4/19/2022,7/2/2024,993027155
350,Functional Training,1/29/2022,1/2/2024,580161149
387,CrossFit,8/21/2022,1/10/2024,678685236
468,Pilates,10/21/2023,7/2/2024,148841783
242,Pilates,5/5/2023,2/12/2024,787915817
414,Functional Training,1/22/2022,4/3/2024,365627070
137,Pilates,4/24/2023,11/21/2024,491640103
239,Strength Training,2/28/2022,4/4/2024,412337947
230,Pilates,2/25/2023,3/16/2024,562696093
404,Yoga,11/14/2023,4/21/2024,270312426
174,Functional Training,1/22/2023,11/5/2024,630382785
341,Endurance Training,3/1/2023,3/5/2024,160321258
309,Strength Training,10/5/2023,10/28/2024,683825464
124,Pilates,2/15/2023,7/24/2024,930796257
236,Personal Training,4/15/2023,12/16/2024,613045072
335,Functional Training,10/1/2023,10/30/2024,644144852
365,CrossFit,6/19/2023,12/13/2024,206042507
205,Pilates,6/12/2023,3/18/2024,393283020
298,Yoga,8/13/2023,12/3/2024,681735568
237,Endurance Training,8/7/2022,6/9/2024,970943357
256,Strength Training,11/26/2023,1/25/2024,524316638
361,CrossFit,7/12/2022,7/24/2024,447185391
122,Personal Training,5/23/2022,8/25/2024,751827117
422,Pilates,2/27/2022,9/17/2024,352732109
431,CrossFit,1/5/2022,5/31/2024,304707043
427,Functional Training,12/25/2022,2/4/2024,812998202
456,Endurance Training,4/23/2023,3/6/2024,524180253
325,Personal Training,5/6/2022,12/10/2024,379819670
192,Strength Training,4/29/2023,6/30/2024,898494315
434,Pilates,4/26/2022,5/27/2024,876551276
141,Personal Training,9/26/2023,7/20/2024,303422630
409,Pilates,8/14/2023,10/2/2024,782091603
360,Pilates,11/7/2023,9/19/2024,339589106
449,Personal Training,12/8/2022,12/21/2024,616443943
485,Strength Training,8/2/2023,11/8/2024,886351820
226,Personal Training,3/16/2023,1/27/2024,662898471
462,Endurance Training,1/9/2023,1/9/2024,488283920
130,Strength Training,6/26/2023,4/8/2024,975808289
159,Strength Training,11/18/2023,3/15/2024,304494790
104,Strength Training,1/27/2023,2/11/2024,104022382
224,Endurance Training,6/16/2022,7/6/2024,604693539
191,Functional Training,9/10/2022,7/4/2024,852133972
235,Personal Training,7/23/2023,9/18/2024,365075494
299,Personal Training,10/11/2023,2/6/2024,785786542
